name,locus,annot,period_WT,period_toc1,dperiod,fwd_nugap,fwd_within,fwd_r2_WT,fwd_r2_toc1
262290_at,AT1G70985,hydroxyproline-rich glycoprotein family protein,23.75,20.75,-3.0,0.035393957403680426,0.08834753508706414,0.6973821964923532,0.7577197252527289
266391_at,AT2G41290,strictosidine synthase family protein,24.0,21.25,-2.75,0.037917165630077056,0.14072862536429195,0.6739174281634265,0.6121326349123348
245038_at,AT2G26560,PLP2 (PHOSPHOLIPASE A 2A); nutrient reservoir,23.25,22.75,-0.5,0.041736384858579376,0.1690005015784088,0.8636367637601571,0.6305932747466236
250243_at,AT5G13630,GUN5 (GENOMES UNCOUPLED 5),23.75,20.25,-3.5,0.04592715679444584,0.16145998698681086,0.6282946472253624,0.6170326067339869
265999_at,AT2G24100,similar to unknown protein [Arabidopsis thaliana] (TAIR:AT4G30780.1); similar to unnamed protein product [Vitis vinifera] (GB:CAO66612.1),25.5,19.75,-5.75,0.04791108314359297,0.051565011697438885,0.5419683272260127,0.6641300357765451
259990_s_at,AT5G23410;AT1G68050;AT5G42730,"[AT5G23410, similar to FKF1 (FLAVIN-BINDING KELCH DOMAIN F BOX PROTEIN), ubiquitin-protein ligase [Arabidopsis thaliana] (TAIR:AT1G68050.1); similar to unnamed protein product [Vitis vinifera] (GB:CAO42365.1); contains domain PTHR23244 (PTHR23244); contains domain PTHR23244:SF9 (PTHR23244:SF9)];[AT1G68050, FKF1 (FLAVIN-BINDING KELCH DOMAIN F BOX PROTEIN); ubiquitin-protein ligase];[AT5G42730, pseudogene similar to ACT domain-containing protein, similar to F-box family protein]",23.5,22.25,-1.25,0.050472712296991164,0.08099734791482686,0.7766247523413337,0.7940227775359259
259373_at,AT1G69160,unknown protein,23.5,19.5,-4.0,0.05099803371536646,0.20590817324815777,0.5975035382605742,0.6104879037038028
266396_at,AT2G38790,unknown protein,23.75,22.25,-1.5,0.053211103057404965,0.08866951334694129,0.882579847586901,0.8969495713476587
245242_at,AT1G44446,CH1 (CHLOROPHYLL B BIOSYNTHESIS); chlorophyllide a oxygenase,23.75,21.5,-2.25,0.06018910480643897,0.21078056490190697,0.6095486975942186,0.5974014579225388
259992_at,AT1G67970,AT-HSFA8 (Arabidopsis thaliana heat shock transcription factor A8); DNA binding / transcription factor,24.5,22.25,-2.25,0.06511309489176335,0.09488767048636934,0.7735717245078138,0.8140770142829298
267036_at,AT2G38465,similar to unnamed protein product [Vitis vinifera] (GB:CAO61577.1),24.25,22.5,-1.75,0.06696497992237073,0.1278673517181223,0.6874666334324857,0.699717780523669
247013_at,AT5G67480,BT4 (BTB AND TAZ DOMAIN PROTEIN 4); protein binding / transcription regulator,23.75,21.5,-2.25,0.06729595154789192,0.18702220864580402,0.8023973882536846,0.6458171392283131
262883_at,AT1G64780,ATAMT1;2 (AMMONIUM TRANSPORTER 1;2); ammonium transmembrane transporter,23.75,22.25,-1.5,0.06845228111126266,0.3232793009575097,0.8157871732169351,0.6808386553739869
259595_at,AT1G28050,zinc finger (B-box type) family protein,24.25,23.0,-1.25,0.07302665725202884,0.19696130448399687,0.7614493968397253,0.7337575176916984
249174_at,AT5G42900,similar to unknown protein [Arabidopsis thaliana] (TAIR:AT4G33980.1); similar to hypothetical protein [Vitis vinifera] (GB:CAN75496.1),23.5,22.0,-1.5,0.08345603993943673,0.06980020862287131,0.841926371962975,0.8548456561744022
247214_at,AT5G64850,similar to unknown protein [Arabidopsis thaliana] (TAIR:AT5G09960.1); similar to 80C09_15 [Brassica rapa subsp. pekinensis] (GB:AAZ41826.1),23.25,21.25,-2.0,0.08524448766020773,0.08319885334236529,0.7862034130702878,0.7851153547064653
250649_at,AT5G06690,(THIOREDOXIN-LIKE 5); thiol-disulfide exchange intermediate,24.5,21.25,-3.25,0.08538634268588206,0.21852102425219652,0.8375227021716627,0.8380283177073893
258402_at,AT3G15450,similar to unknown protein [Arabidopsis thaliana] (TAIR:AT4G27450.1); similar to unknown [Populus trichocarpa] (GB:ABK93866.1); contains domain PTHR11772 (PTHR11772); contains domain G3DSA:3.60.20.10 (G3DSA:3.60.20.10); contains domain SSF56235 (SSF56235),23.5,23.5,0.0,0.08710101788300853,0.15492709556628503,0.7378541971001603,0.748832669056054
264045_at,AT2G22450,"riboflavin biosynthesis protein, putative",24.0,22.0,-2.0,0.09134344126111242,0.10123029773947827,0.7406811545703376,0.6961218513053806
250412_at,AT5G11150,ATVAMP713 (Arabidopsis thaliana vesicle-associated membrane protein 713),23.25,21.75,-1.5,0.09172888724317169,0.19684328456248637,0.7294041778397631,0.5479980086952249
252475_s_at,AT5G59570;AT3G46640,"[AT5G59570, myb family transcription factor];[AT3G46640, PCL1 (PHYTOCLOCK 1); DNA binding / transcription factor]",23.75,22.5,-1.25,0.0927271211536104,0.1317008132131808,0.7701336104051532,0.7694887729235125
267364_at,AT2G40080,ELF4 (EARLY FLOWERING 4),23.25,22.25,-1.0,0.0933611770893996,0.20684910716867588,0.847244143773264,0.7917066025224855
247786_at,AT5G58600,PMR5 (POWDERY MILDEW RESISTANT 5),24.25,20.75,-3.5,0.09434668694523311,0.08950889080625918,0.6904604538387407,0.6249870871376961
247949_at,AT5G57220,"CYP81F2 (cytochrome P450, family 81, subfamily F, polypeptide 2); oxygen binding",23.5,23.0,-0.5,0.09445898339563913,0.15280101074938884,0.6057835096255264,0.6920723163339189
247668_at,AT5G60100,APRR3 (PSEUDO-RESPONSE REGULATOR 3); transcription regulator,25.0,21.0,-4.0,0.0944875288739848,0.4354233825497854,0.7807523375727041,0.7531728159439899
257932_at,AT3G17040,HCF107 (HIGH CHLOROPHYLL FLUORESCENT 107); binding,23.75,21.25,-2.5,0.09746039978088933,0.07932533896365372,0.6858054461986169,0.7140534162621384
246490_at,AT5G15950;AT5G15948,"[AT5G15950, adenosylmethionine decarboxylase family protein];[AT5G15948, CPuORF10 (Conserved peptide upstream open reading frame 10)]",23.25,21.25,-2.0,0.10073321606273491,0.0680479819381522,0.7833918271521616,0.7028094279909639
248683_at,AT5G48490,protease inhibitor/seed storage/lipid transfer protein (LTP) family protein,22.75,21.5,-1.25,0.1031810768686719,0.1108089523293882,0.5651284429460208,0.5055769586342047
246831_at,AT5G26340,MSS1 (SUGAR TRANSPORT PROTEIN 13); carbohydrate transmembrane transporter/ hexose:hydrogen symporter/ high-affinity hydrogen:glucose symporter/ sugar:hydrogen ion symporter,23.25,21.25,-2.0,0.10409796855101654,0.14967008153766093,0.8471150689936252,0.6873172913726617
260412_at,AT1G69830,AMY3/ATAMY3 (ALPHA-AMYLASE-LIKE 3); alpha-amylase,24.0,21.0,-3.0,0.10459962970803548,0.1621120956257782,0.7459377346049533,0.8173051001234216
248744_at,AT5G48250,zinc finger (B-box type) family protein,23.75,22.0,-1.75,0.10556908676688853,0.17456007883782662,0.8096438879358756,0.8264416806124272
252468_at,AT3G46970,"ATPHS2/PHS2 (ALPHA-GLUCAN PHOSPHORYLASE 2); phosphorylase/ transferase, transferring glycosyl groups",23.75,20.75,-3.0,0.10575887097666999,0.18557403813110934,0.8408517360649554,0.8712711882543922
263548_at,AT2G21660,"ATGRP7 (COLD, CIRCADIAN RHYTHM, AND RNA BINDING 2); RNA binding / double-stranded DNA binding / single-stranded DNA binding",23.75,21.75,-2.0,0.1057631245764341,0.07610215285295885,0.7544362639231511,0.8259036079400832
261613_at,AT1G49720,ABF1 (ABSCISIC ACID RESPONSIVE ELEMENT-BINDING FACTOR 1); DNA binding / transcription activator/ transcription factor,23.5,21.5,-2.0,0.10705244379851282,0.16863141491299574,0.8220024024254401,0.7822382184930455
263249_at,AT2G31360,ADS2 (16:0DELTA9 ARABIDOPSIS DESATURASE 2); oxidoreductase,23.25,22.0,-1.25,0.1085258457184026,0.24558631330440364,0.8731824483373241,0.7636540055453769
247443_at,AT5G62720,integral membrane HPP family protein,24.5,22.0,-2.5,0.10862461894563008,0.13641399115136837,0.7015127332501896,0.6877449865078702
250028_at,AT5G18130,similar to unknown protein [Arabidopsis thaliana] (TAIR:AT3G03870.2); similar to unknown [Medicago truncatula] (GB:ABK28852.1),22.25,20.25,-2.0,0.10924019502755583,0.15485546245043613,0.9658550355775013,0.7720736873396821
258188_at,AT3G17800,mRNA level of the MEB5.2 gene (At3g17800) remains unchanged after cutting the inflorescence stem,23.25,21.75,-1.5,0.1115672528294653,0.1157077142263048,0.7472510025871151,0.6718209425778261
259275_at,AT3G01060,similar to unnamed protein product [Vitis vinifera] (GB:CAO15045.1); similar to unknown [Brassica rapa] (GB:ABC41272.1),23.5,20.25,-3.25,0.11328916088333295,0.04382379260362375,0.6309267929578752,0.5034252333630487
252956_at,AT4G38580,ATFP6 (FARNESYLATED PROTEIN 6); metal ion binding,23.5,22.0,-1.5,0.1158492678816002,0.0917488516825943,0.7957951664132643,0.7506961647686069
251494_at,AT3G59350,"serine/threonine protein kinase, putative",23.5,22.25,-1.25,0.11584956450580677,0.07417512415567319,0.8334164661754354,0.7610936128985593
253981_at,AT4G26670,mitochondrial import inner membrane translocase subunit Tim17/Tim22/Tim23 family protein,24.0,22.0,-2.0,0.11641721654855905,0.09462478677754121,0.7643929651938278,0.7277725060544027
258497_at,AT3G02380,COL2 (CONSTANS-LIKE 2); transcription factor/ zinc ion binding,23.75,21.0,-2.75,0.11825184691056727,0.10727028695286418,0.752518915921303,0.6418725078166836
248502_at,AT5G50450,zinc finger (MYND type) family protein,24.25,21.75,-2.5,0.1190629456370302,0.08092014705297491,0.7689031557426752,0.7834833863822513
252917_at,AT4G38960,zinc finger (B-box type) family protein,23.75,21.5,-2.25,0.11925271409884955,0.0964211107490294,0.7666196943490462,0.7437187445948947
248138_at,AT5G54960,PDC2 (PYRUVATE DECARBOXYLASE-2); pyruvate decarboxylase,23.75,22.0,-1.75,0.11981593522252856,0.17700123275293506,0.5817608735052044,0.5897695918048106
247232_at,AT5G64940,ATATH13 (ABC2 homolog 13),23.25,21.25,-2.0,0.12223248389187209,0.10449358567305594,0.7003603343693119,0.6577157303956257
256751_at,AT3G27170,CLC-B (chloride channel protein B); anion channel/ voltage-gated chloride channel,24.75,21.0,-3.75,0.12263431406060667,0.09491906625463764,0.6585706636121702,0.6068825686458682
252387_at,AT3G47800,aldose 1-epimerase family protein,23.75,23.5,-0.25,0.12290897396373869,0.13107275310943925,0.8398290606410793,0.5594716521023244
267005_at,AT2G34460,flavin reductase-related,23.0,21.0,-2.0,0.12354741501157376,0.0919384298973675,0.7607192762007828,0.7308725444746647
253425_at,AT4G32190,centromeric protein-related,23.25,20.75,-2.5,0.12389843759204941,0.11346770564599078,0.6799591349321649,0.6192894823246837
248191_at,AT5G54130,calcium-binding EF hand family protein,24.0,21.5,-2.5,0.12505619121790784,0.052591209682259776,0.758728665178489,0.8275756285862337
266864_at,AT2G26800,"hydroxymethylglutaryl-CoA lyase, putative / 3-hydroxy-3-methylglutarate-CoA lyase, putative / HMG-CoA lyase, putative",23.5,21.0,-2.5,0.1254320442688405,0.15165775026489162,0.6710345932167825,0.6910392957614913
249769_at,AT5G24120,SIGE (RNA polymerase sigma subunit E); DNA binding / DNA-directed RNA polymerase/ sigma factor/ transcription factor,24.0,21.5,-2.5,0.12615022292462616,0.08157220366308297,0.5790848340260684,0.55657133525741
261318_at,AT1G53035,similar to unknown protein [Arabidopsis thaliana] (TAIR:AT3G15358.1); similar to unnamed protein product [Vitis vinifera] (GB:CAO69750.1),23.75,21.5,-2.25,0.1280136875698866,0.11951510973215224,0.7033800613325825,0.6746272906355881
253627_at,AT4G30650,"hydrophobic protein, putative / low temperature and salt responsive protein, putative",23.5,21.0,-2.5,0.12898353269038615,0.117663446572008,0.8156636357067009,0.8265422270506178
246550_at,AT5G14920,gibberellin-regulated family protein,23.0,22.5,-0.5,0.13013903478064587,0.08702580769744339,0.8235732500666598,0.7024653823698088
262881_at,AT1G64890,integral membrane transporter family protein,22.75,21.5,-1.25,0.13296565255828185,0.12792794812756947,0.7533610112774454,0.7214923305166633
262892_at,AT1G79440,ALDH5F1 (SUCCINIC SEMIALDEHYDE DEHYDROGENASE); 3-chloroallyl aldehyde dehydrogenase/ succinate-semialdehyde dehydrogenase,23.5,20.75,-2.75,0.13317953845707678,0.2097969403733572,0.7744476504259463,0.540647993508494
254580_at,AT4G19390,similar to unknown protein [Arabidopsis thaliana] (TAIR:AT5G13720.1); similar to unnamed protein product [Vitis vinifera] (GB:CAO63752.1); contains InterPro domain Uncharacterised conserved protein UCP022348 (InterPro:IPR016804); contains InterPro domain Protein of unknown function UPF0114 (InterPro:IPR005134),25.0,20.25,-4.75,0.13385027781830322,0.09347224894826767,0.7656672588636253,0.8099597614976494
266363_at,AT2G41250,haloacid dehalogenase-like hydrolase family protein,24.5,22.25,-2.25,0.13400619785659063,0.08615213399473076,0.6256123137632208,0.516023008215126
259841_at,AT1G52200,similar to unknown protein [Arabidopsis thaliana] (TAIR:AT3G18470.1); similar to unnamed protein product [Vitis vinifera] (GB:CAO45876.1); contains InterPro domain Protein of unknown function Cys-rich (InterPro:IPR006461),22.75,22.25,-0.5,0.1347592588363807,0.18073796694045496,0.8671474922900455,0.5681111573571791
261480_at,AT1G14280,PKS2 (PHYTOCHROME KINASE SUBSTRATE 2),23.5,20.75,-2.75,0.13490970044209885,0.13172562447358765,0.6149331719702573,0.5831362860126343
247525_at,AT5G61380,TOC1 (TIMING OF CAB EXPRESSION 1); transcription regulator,23.75,23.0,-0.75,0.13497492273077324,0.17920783127358886,0.7216266359352081,0.7846860786899061
245600_at,AT4G14230,CBS domain-containing protein-related,23.5,20.75,-2.75,0.13498745001248058,0.22240147835128155,0.8555280021759482,0.6454064125797883
259185_at,AT3G01550,"triose phosphate/phosphate translocator, putative",23.25,21.25,-2.0,0.13501549946107408,0.09041047280023942,0.6757856048213603,0.6400640829482094
248080_at,AT5G55380,membrane bound O-acyl transferase (MBOAT) family protein / wax synthase-related,23.75,21.0,-2.75,0.13583018778146316,0.10246521758954381,0.7026969426059583,0.6646301362172733
245668_at,AT1G28330,DRM1 (DORMANCY-ASSOCIATED PROTEIN 1),24.25,21.75,-2.5,0.13661219006284792,0.11935511065667909,0.7670568565621009,0.823868078429325
260489_at,AT1G51610,"cation efflux family protein / metal tolerance protein, putative (MTPc4)",25.0,21.75,-3.25,0.13759425166025757,0.14105302136384915,0.6651639105509836,0.6737797348397354
245319_at,AT4G16146,similar to unknown protein [Arabidopsis thaliana] (TAIR:AT1G69510.2); similar to unknown protein [Arabidopsis thaliana] (TAIR:AT1G69510.1); similar to unknown protein [Arabidopsis thaliana] (TAIR:AT1G69510.3); similar to unnamed protein product [Vitis vinifera] (GB:CAO44882.1); contains InterPro domain Lg106-like (InterPro:IPR012482),24.5,21.75,-2.75,0.1403056668050194,0.3317976639265197,0.7915075328642864,0.7936956115927696
263252_at,AT2G31380,STH (salt tolerance homologue); transcription factor/ zinc ion binding,23.75,21.0,-2.75,0.1414855461574933,0.08197394104584031,0.6810765081795009,0.5948500996678099
251642_at,AT3G57520,"ATSIP2 (ARABIDOPSIS THALIANA SEED IMBIBITION 2); hydrolase, hydrolyzing O-glycosyl compounds",22.75,22.5,-0.25,0.14261143129037754,0.2710070922628097,0.6313578356137565,0.5129900150566918
256057_at,AT1G07180,ATNDI1/NDA1 (ALTERNATIVE NAD(P)H DEHYDROGENASE 1); NADH dehydrogenase,23.0,20.0,-3.0,0.1441433032144455,0.06774237147739356,0.697576529505453,0.5510932933749435
253140_at,AT4G35480,RHA3B (RING-H2 finger A3B); protein binding / zinc ion binding,23.75,21.75,-2.0,0.14541665715001278,0.228447687035005,0.7288477170145304,0.7470193294682982
246114_at,AT5G20250,"DIN10 (DARK INDUCIBLE 10); hydrolase, hydrolyzing O-glycosyl compounds",23.0,22.5,-0.5,0.14599968887583525,0.08994433403930333,0.6965413131243698,0.8031343286930639
255070_at,AT4G09020,ATISA3/ISA3 (ISOAMYLASE 3); alpha-amylase,25.75,19.5,-6.25,0.14698786534349445,0.3308540134746012,0.5735054683842264,0.7107996714675124
255331_at,AT4G04330,similar to unnamed protein product [Vitis vinifera] (GB:CAO69665.1),24.25,21.75,-2.5,0.1477462242431513,0.15540008251801085,0.8520837310470066,0.8343585862402578
253039_at,AT4G37760,SQE3 (SQUALENE EPOXIDASE 3); oxidoreductase,23.75,21.25,-2.5,0.14806476579812158,0.08456557124285319,0.709689787195259,0.5546366452905147
260137_at,AT1G66330,senescence-associated family protein,24.25,21.0,-3.25,0.14970176724707282,0.11356220114719845,0.579046768946627,0.5214354568743016
265478_at,AT2G15890,MEE14 (maternal effect embryo arrest 14),24.0,21.75,-2.25,0.15006135786555655,0.09436629491366291,0.8319466215751489,0.8689739110655873
259426_at,AT1G01470,LEA14 (LATE EMBRYOGENESIS ABUNDANT 14),24.0,22.5,-1.5,0.15065297282102705,0.06054115698259295,0.8249601517937012,0.6790349900886418
264524_at,AT1G10070,ATBCAT-2; branched-chain-amino-acid transaminase/ catalytic,22.75,22.75,0.0,0.1511799407913115,0.14090352630499595,0.8476522015195145,0.6527469144392026
266719_at,AT2G46830,CCA1 (CIRCADIAN CLOCK ASSOCIATED 1); transcription factor,23.5,20.75,-2.75,0.1516078567761433,0.04746427198630111,0.6747600086783696,0.5045869667734642
249798_at,AT5G23730,nucleotide binding,25.25,20.25,-5.0,0.15228091976984418,0.13650584977652375,0.7010362351523567,0.7337934571560534
261226_at,AT1G20190,ATEXPA11 (ARABIDOPSIS THALIANA EXPANSIN A11),23.5,23.5,0.0,0.1524109908606636,0.09061222927320103,0.722574570500631,0.6000519310763521
247043_at,AT5G66880,SNRK2-3/SNRK2.3/SRK2I (SNF1-RELATED PROTEIN KINASE 2.3); kinase/ protein kinase,23.75,20.0,-3.75,0.15261425215137905,0.19660373462490027,0.8164944685599436,0.7261830161817953
253161_at,AT4G35770,SEN1 (DARK INDUCIBLE 1),22.75,23.0,0.25,0.15526338008429844,0.09629327939853607,0.7816106936786398,0.7764389529764405
249932_at,AT5G22390,similar to unnamed protein product [Vitis vinifera] (GB:CAO48728.1),23.25,20.0,-3.25,0.15658792121686993,0.2167747422532818,0.7800111446548812,0.5826097149444394
253322_at,AT4G33980,similar to unknown protein [Arabidopsis thaliana] (TAIR:AT5G42900.2); similar to unknown protein [Arabidopsis thaliana] (TAIR:AT5G42900.3); similar to unknown protein [Arabidopsis thaliana] (TAIR:AT5G42900.1); similar to hypothetical protein [Vitis vinifera] (GB:CAN64989.1),23.75,22.5,-1.25,0.15729329214927698,0.1719227117028787,0.8384148845934062,0.8262211862614669
262503_at,AT1G21670,"similar to unknown protein [Arabidopsis thaliana] (TAIR:AT1G21680.1); similar to hypothetical protein [Vitis vinifera] (GB:CAN73514.1); similar to unnamed protein product [Vitis vinifera] (GB:CAO61906.1); contains InterPro domain WD40-like Beta Propeller (InterPro:IPR011659); contains InterPro domain Six-bladed beta-propeller, TolB-like (InterPro:IPR011042)",23.25,21.5,-1.75,0.15901133036993417,0.06694984172489796,0.805296057307775,0.8174515015328846
265790_at,AT2G01170,amino acid permease family protein,23.75,21.25,-2.5,0.1596097523691422,0.09497707295700053,0.754056649678962,0.782926968560014
258225_at,AT3G15630,similar to unknown protein [Arabidopsis thaliana] (TAIR:AT1G52720.1); similar to unnamed protein product [Vitis vinifera] (GB:CAO46032.1); similar to hypothetical protein [Vitis vinifera] (GB:CAN71657.1),23.25,22.0,-1.25,0.16258347273930565,0.0879727077519669,0.8266137543242605,0.7536404958044075
247216_at,AT5G64860,DPE1 (DISPROPORTIONATING ENZYME); 4-alpha-glucanotransferase,24.25,20.5,-3.75,0.165091245392889,0.2551033004105865,0.7487812251243579,0.8265051702931212
253331_at,AT4G33490,aspartic-type endopeptidase/ pepsin A,24.75,20.5,-4.25,0.16582978482134306,0.2971684783359383,0.843566004743084,0.8273535203193549
257832_at,AT3G26740,CCL (CCR-LIKE),24.75,20.5,-4.25,0.16609627307384822,0.08694267216910519,0.8089071922195405,0.8017548512123404
263739_at,AT2G21320,zinc finger (B-box type) family protein,23.5,21.75,-1.75,0.16647492854513218,0.09539493426079705,0.6946863335411797,0.533975001973412
252885_at,AT4G39260,"ATGRP8/GR-RBP8 (COLD, CIRCADIAN RHYTHM, AND RNA BINDING 1, GLYCINE-RICH PROTEIN 8); RNA binding",23.5,21.75,-1.75,0.1681392507697888,0.19271556537202078,0.7090111877011634,0.631495060133386
259460_at,AT1G44000,similar to unknown protein [Arabidopsis thaliana] (TAIR:AT4G11911.1); similar to hypothetical protein [Vitis vinifera] (GB:CAN81476.1),23.0,21.25,-1.75,0.1689830710761091,0.11130644812398231,0.673891451459327,0.5539811589512063
258332_at,AT3G16180,proton-dependent oligopeptide transport (POT) family protein,23.25,22.75,-0.5,0.16980873731485288,0.021274992088936087,0.6690284453445337,0.6300514117533733
251519_at,AT3G59400,GUN4 (Genomes uncoupled 4),22.5,20.5,-2.0,0.17003840678285273,0.12078819600151254,0.7699390548404986,0.5779482340350652
260671_at,AT1G19310,zinc finger (C3HC4-type RING finger) family protein,23.5,21.75,-1.75,0.17059915159630948,0.09168071635508909,0.8831080281096919,0.8423665510832186
256020_at,AT1G58290,HEMA1; glutamyl-tRNA reductase,23.0,20.5,-2.5,0.1715936636679398,0.09693259931958045,0.6479101368820989,0.5995071396351843
262629_at,AT1G06460,ACD32.1 (ALPHA-CRYSTALLIN DOMAIN 31.2),24.5,20.75,-3.75,0.17404742344351162,0.1823775553132654,0.763997944100396,0.7837075149142998
265665_at,AT2G27420,"cysteine proteinase, putative",23.75,21.5,-2.25,0.17442126915620013,0.16109522790091524,0.7309378704420131,0.6985041325740584
259008_at,AT3G09390,MT2A (METALLOTHIONEIN 2A),24.0,20.5,-3.5,0.17551690872587053,0.2321384252412238,0.7411226777934432,0.6882820416712903
258349_at,AT3G17609,HYH (HY5-HOMOLOG); DNA binding / transcription factor,24.0,21.0,-3.0,0.1759506510266893,0.08161594705137781,0.7254198316697105,0.8118720067599101
254563_at,AT4G19120,ERD3 (EARLY-RESPONSIVE TO DEHYDRATION 3),23.5,21.5,-2.0,0.17843494262042453,0.1726757109871751,0.8471877079770442,0.5722237835483921
248311_at,AT5G52570,BETA-OHASE 2 (BETA-CAROTENE HYDROXYLASE 2); beta-carotene hydroxylase,23.5,20.5,-3.0,0.17881089421301063,0.14552494821245177,0.7542347235474818,0.7468925550828556
267280_at,AT2G19450,TAG1 (TRIACYLGLYCEROL BIOSYNTHESIS DEFECT 1); diacylglycerol O-acyltransferase,23.5,21.75,-1.75,0.17886395945049255,0.09750955082740449,0.68592181094239,0.8440262054920767
253421_at,AT4G32340,binding,23.75,23.0,-0.75,0.17890119609634203,0.1799955465598754,0.8135741448173013,0.7748514299138086
250007_at,AT5G18670,BMY3 (BETA-AMYLASE 9); beta-amylase,23.75,21.0,-2.75,0.17945546226039036,0.12957681775036428,0.7746807640265788,0.5646933595789108
261031_at,AT1G17360,COP1-interacting protein-related,22.5,23.0,0.5,0.18033460357102843,0.14653582526985504,0.7318620278331176,0.5669226156073467
252073_at,AT3G51750,unknown protein,24.25,22.25,-2.0,0.18104109040429936,0.11283628223993973,0.5628000381435254,0.7605674444032244
263805_at,AT2G40400,similar to unknown protein [Arabidopsis thaliana] (TAIR:AT3G56140.1); similar to hypothetical protein [Vitis vinifera] (GB:CAN64033.1); similar to unnamed protein product [Vitis vinifera] (GB:CAO41449.1); similar to hypothetical protein OsI_004191 [Oryza sativa (indica cultivar-group)] (GB:EAY76344.1); contains InterPro domain Protein of unknown function DUF399 (InterPro:IPR007314),23.5,19.25,-4.25,0.18219474308994338,0.22542896210871816,0.835172107876645,0.5909617173516597
253174_at,AT4G35090,CAT2 (CATALASE 2); catalase,23.5,21.75,-1.75,0.1840117435699641,0.06178687788777858,0.747683120551273,0.632876461391441
258809_at,AT3G04070,ANAC047 (Arabidopsis NAC domain containing protein 47); transcription factor,23.0,20.75,-2.25,0.1847388627729651,0.17303777364516004,0.9187680353324422,0.6602019053931668
251221_at,AT3G62550,universal stress protein (USP) family protein,24.25,21.5,-2.75,0.18480771037198668,0.11904376124531323,0.8146126114417597,0.8221040367169978
259118_at,AT3G01310,acid phosphatase/ oxidoreductase/ transition metal ion binding,24.5,20.5,-4.0,0.18482878585678122,0.18110379014571676,0.7809669104069681,0.8763187075394863
261914_at,AT1G65870,disease resistance-responsive family protein,23.75,20.75,-3.0,0.18581949978311196,0.2187176277382149,0.7751300959366857,0.5535541254457231
255221_at,AT4G05150,octicosapeptide/Phox/Bem1p (PB1) domain-containing protein,24.0,21.5,-2.5,0.1872523261055473,0.15424308573954013,0.7767651783153333,0.862289625428908
257916_at,AT3G23210,basic helix-loop-helix (bHLH) family protein,24.5,22.25,-2.25,0.18948653461428974,0.1849367351206756,0.7789660102755114,0.7485562987571668
262784_at,AT1G10760,SEX1 (STARCH EXCESS 1),24.75,20.5,-4.25,0.18972581001105282,0.24315863781142438,0.7646240811298798,0.7821290157254007
249941_at,AT5G22270,similar to unknown protein [Arabidopsis thaliana] (TAIR:AT5G06270.1); similar to unnamed protein product [Vitis vinifera] (GB:CAO15841.1); similar to hypothetical protein [Vitis vinifera] (GB:CAN79170.1),23.75,22.25,-1.5,0.18975307856506218,0.17361684676202527,0.8651733965348671,0.6430543508850448
258677_at,AT3G08730,ATPK1 (P70 RIBOSOMAL S6 KINASE); kinase/ protein binding,25.0,20.5,-4.5,0.19007162928769739,0.037057424732255755,0.6476837635571013,0.7079080265972615
251454_at,AT3G60080,zinc finger (C3HC4-type RING finger) family protein,23.75,21.0,-2.75,0.1902062836983341,0.19641638128887767,0.7687267613439861,0.6118116372290194
253496_at,AT4G31870,ATGPX7 (GLUTATHIONE PEROXIDASE 7); glutathione peroxidase,24.5,19.25,-5.25,0.1916835185195096,0.19713274104101475,0.6186282440640789,0.5485761458925457
253215_at,AT4G34950,nodulin family protein,23.5,21.25,-2.25,0.19309834660088238,0.12295412967122207,0.80309667032425,0.515073260570656
257926_at,AT3G23280,zinc finger (C3HC4-type RING finger) family protein / ankyrin repeat family protein,23.5,22.25,-1.25,0.19672118794627516,0.23497757339262285,0.8457101354564712,0.7855780637679343
247954_at,AT5G56870,BGAL4 (beta-galactosidase 4); beta-galactosidase,23.0,22.0,-1.0,0.19727682286494305,0.1682623198212484,0.7771227604768807,0.7493559477695523
257311_at,AT3G26570,PHT2;1 (phosphate transporter 2;1),22.75,21.0,-1.75,0.19732570333899493,0.18633822501884154,0.8794614337368215,0.6246057693855023
250099_at,AT5G17300,myb family transcription factor,23.5,20.75,-2.75,0.1976882363934106,0.20567704963957578,0.7435953936251305,0.6109339023571161
267461_at,AT2G33830,dormancy/auxin associated family protein,23.5,22.75,-0.75,0.19850558443418442,0.0873906900809574,0.876623387593747,0.8253141911896461
247222_at,AT5G64840,ATGCN5 (Arabidopsis thaliana general control non-repressible 5),23.5,21.5,-2.0,0.19971970545857282,0.19535494747985915,0.65410957083603,0.5004417934931124
263122_at,AT1G78510,SPS1 (SOLANESYL DIPHOSPHATE SYNTHASE 1); dimethylallyltranstransferase/ trans-octaprenyltranstransferase,24.0,22.0,-2.0,0.1999629217175687,0.0800403532959701,0.7160953709265425,0.6375477427019798
262879_at,AT1G64860,SIGA (SIGMA FACTOR A); DNA binding / DNA-directed RNA polymerase/ transcription factor,23.5,21.5,-2.0,0.20188744618698345,0.14172284911880362,0.6320199396228078,0.6077923901915432
258939_at,AT3G10020,similar to Os12g0147200 [Oryza sativa (japonica cultivar-group)] (GB:NP_001066153.1); similar to unnamed protein product [Vitis vinifera] (GB:CAO15981.1); similar to Os11g0149200 [Oryza sativa (japonica cultivar-group)] (GB:NP_001065754.1),24.75,22.75,-2.0,0.20319620421455156,0.05258073544026281,0.6385046154027827,0.706280161246188
265939_at,AT2G19650,DC1 domain-containing protein,23.75,22.0,-1.75,0.20696489833867557,0.07123975558785411,0.7303134339501502,0.5621257439554028
257154_at,AT3G27210,Identical to Uncharacterized protein At3g27210 (Y-2) [Arabidopsis Thaliana] (GB:Q9LK32); similar to unknown protein [Arabidopsis thaliana] (TAIR:AT5G40860.1); similar to unnamed protein product [Vitis vinifera] (GB:CAO14583.1),23.75,21.75,-2.0,0.20849333291822114,0.1721597950575393,0.8448372154118866,0.7922375059300794
258270_at,AT3G15650,phospholipase/carboxylesterase family protein,24.0,21.0,-3.0,0.21043721713386704,0.14075298881420495,0.727938807917617,0.5919996556294509
265892_at,AT2G15020,similar to unknown protein [Arabidopsis thaliana] (TAIR:AT5G64190.1); similar to hypothetical protein [Vitis vinifera] (GB:CAN67723.1),23.75,21.75,-2.0,0.21110047753805042,0.13776682328912732,0.6405215907145209,0.6170739670571113
264436_at,AT1G10370,ATGSTU17/ERD9/GST30/GST30B (EARLY-RESPONSIVE TO DEHYDRATION 9); glutathione transferase,24.25,22.0,-2.25,0.21443255262555733,0.17317094456504345,0.7244750923467709,0.6458248883201412
266717_at,AT2G46735,unknown protein,24.0,21.75,-2.25,0.21538308287000205,0.10238553079312795,0.5866883491605721,0.7209988705173938
262609_at,AT1G13930,similar to nodulin-related [Arabidopsis thaliana] (TAIR:AT2G03440.1); similar to hypothetical protein [Vitis vinifera] (GB:CAN63832.1),23.5,21.75,-1.75,0.217097098970798,0.09559026298840338,0.8555857838440133,0.7768120574397483
266983_at,AT2G39400,"hydrolase, alpha/beta fold family protein",23.25,23.0,-0.25,0.21761376102335467,0.22478932589341516,0.796158644974109,0.6101291189664179
259244_at,AT3G07650,COL9 (CONSTANS-LIKE 9); transcription factor/ zinc ion binding,24.0,22.5,-1.5,0.22032133522444608,0.20657951403927105,0.6915831239368089,0.7653087588611922
245152_at,AT2G47490,mitochondrial substrate carrier family protein,23.75,21.25,-2.5,0.22036821090016143,0.1906496980697452,0.7783098853211996,0.7101165405921626
247867_at,AT5G57630,CIPK21 (CBL-INTERACTING PROTEIN KINASE 21); kinase,23.5,21.75,-1.75,0.2209076712039269,0.2025698628912801,0.8364731869018798,0.7745441853675599
264019_at,AT2G21130,peptidyl-prolyl cis-trans isomerase / cyclophilin (CYP2) / rotamase,24.25,22.75,-1.5,0.22125168129843614,0.08405922286102897,0.7369209642839794,0.7621490439223024
263495_at,AT2G42530,COR15B,23.5,19.75,-3.75,0.22364854719336905,0.2693170708881106,0.9090877316779362,0.5224181328621438
267361_at,AT2G39920,acid phosphatase class B family protein,25.0,21.25,-3.75,0.22569595753618799,0.09491349134422557,0.7591212230267972,0.7699802979780406
262113_at,AT1G02820,late embryogenesis abundant 3 family protein / LEA3 family protein,25.0,20.25,-4.75,0.22589131944645915,0.060593912241207956,0.5742205109561663,0.6634492019000164
259570_at,AT1G20440,COR47 (cold regulated 47),22.75,22.0,-0.75,0.22678628691954217,0.0853503804790793,0.8157903810355986,0.5708870428855211
266514_at,AT2G47890,zinc finger (B-box type) family protein,23.0,21.75,-1.25,0.22695992396937142,0.15335624567530418,0.7293260113236726,0.6439446749057446
248793_at,AT5G47240,ATNUDT8 (Arabidopsis thaliana Nudix hydrolase homolog 8); hydrolase,23.25,21.75,-1.5,0.22713020268523684,0.1393626496614438,0.844184203163874,0.6270890053807727
258805_at,AT3G04010,glycosyl hydrolase family 17 protein,23.25,22.5,-0.75,0.2283129617898445,0.20098041440997677,0.7573681654995875,0.5542353298326295
267265_at,AT2G22980,SCPL13; serine carboxypeptidase,24.5,21.5,-3.0,0.23165499255933122,0.22720285211741442,0.6852747076386312,0.7422769060381615
246523_at,AT5G15850,COL1 (CONSTANS-LIKE 1); transcription factor/ zinc ion binding,24.25,21.75,-2.5,0.23209211291357495,0.12180043262838536,0.6881506000576193,0.6248799784252254
263126_at,AT1G78460,SOUL heme-binding family protein,23.75,22.5,-1.25,0.23291786385682844,0.21902730490685318,0.696039834862924,0.7606342005891146
252166_at,AT3G50500,SPK-2-2 (SNF1-RELATED PROTEIN KINASE 2.2); kinase/ protein kinase,23.75,21.25,-2.5,0.2347294053375295,0.14238637137252308,0.823009660606058,0.7572937121305204
247766_at,AT5G58870,FTSH9 (FtsH protease 9); ATP-dependent peptidase/ ATPase/ metallopeptidase,23.5,20.75,-2.75,0.2372019449162296,0.19150767054575404,0.7113070082982869,0.6621047468794476
249456_at,AT5G39410,binding / catalytic,24.0,21.5,-2.5,0.23730996537564372,0.14715119010950573,0.7673650047031141,0.7308792108419846
254764_at,AT4G13250,short-chain dehydrogenase/reductase (SDR) family protein,24.0,21.5,-2.5,0.23747669244399594,0.41812507018243905,0.8590686439255208,0.9055288239665392
245602_at,AT4G14270,Protein containing PAM2 motif which mediates interaction with the PABC domain of polyadenyl binding proteins.,24.25,21.5,-2.75,0.23796515811797692,0.1369106571039304,0.85473762460493,0.8281222050940482
267209_at,AT2G30930,similar to unknown protein [Arabidopsis thaliana] (TAIR:AT1G06540.1),23.25,22.75,-0.5,0.23837691538746347,0.2872372936215324,0.7461615428128543,0.5988198316645028
264694_at,AT1G70250,"receptor serine/threonine kinase, putative",23.75,22.0,-1.75,0.2384228539598147,0.10185361698026495,0.7478950805094253,0.5971125581027924
254508_at,AT4G20170,similar to unknown protein [Arabidopsis thaliana] (TAIR:AT5G44670.1); similar to Os06g0328800 [Oryza sativa (japonica cultivar-group)] (GB:NP_001057533.1); similar to Os02g0712500 [Oryza sativa (japonica cultivar-group)] (GB:NP_001047907.1); similar to unknown protein [Oryza sativa (japonica cultivar-group)] (GB:BAD72474.1); contains InterPro domain Protein of unknown function DUF23 (InterPro:IPR008166),25.0,22.25,-2.75,0.23884412293355212,0.13008151419842062,0.5761915641335764,0.5681286550134176
251727_at,AT3G56290,similar to hypothetical protein [Vitis vinifera] (GB:CAN75527.1),24.25,21.0,-3.25,0.24086442317461856,0.0867632772153637,0.6204245471119401,0.6200641926502897
261958_at,AT1G64500,glutaredoxin family protein,24.25,21.0,-3.25,0.2421072632575911,0.15047890749608572,0.6689544305161959,0.6028741476612953
260308_at,AT1G70610,"ATTAP1 (Arabidopsis thaliana transporter associated with antigen processing protein 1); ATPase, coupled to transmembrane movement of substances",23.75,21.25,-2.5,0.2433169439320143,0.10138540097880513,0.6589908007352179,0.6195695890836483
256049_at,AT1G07010,calcineurin-like phosphoesterase family protein,23.5,21.25,-2.25,0.24609981065622566,0.11362223036432093,0.7025081007349803,0.6085000202097329
254833_s_at,AT4G12290;AT4G12280,"[AT4G12290, copper amine oxidase, putative];[AT4G12280, copper amine oxidase family protein]",24.25,21.0,-3.25,0.24624784381133102,0.2742005983312462,0.8796623879482418,0.7795999576503021
267355_at,AT2G39900,LIM domain-containing protein,24.0,21.75,-2.25,0.24650682560082188,0.10138184598234815,0.6880345734030429,0.6638083023012208
245936_at,AT5G19850,"hydrolase, alpha/beta fold family protein",24.25,21.0,-3.25,0.24745918815890966,0.11695217854222045,0.6661915599245627,0.7588958773615121
253943_at,AT4G27030,small conjugating protein ligase,23.5,20.75,-2.75,0.24836456577019436,0.12979358203870411,0.7820113796030395,0.6299947572719369
265481_at,AT2G15960,unknown protein,24.0,21.5,-2.5,0.24962392020650903,0.21084994837409388,0.8369802042554231,0.8623726165780925
265615_at,AT2G25450,"2-oxoglutarate-dependent dioxygenase, putative",22.75,21.75,-1.0,0.24993710902400312,0.24186602876261232,0.6069964729989685,0.6914511368488407
245052_at,AT2G26440,pectinesterase family protein,23.5,22.0,-1.5,0.2511205795360109,0.25197639504964164,0.8533926914586373,0.6899009733416013
252464_at,AT3G47160,protein binding / zinc ion binding,23.75,21.5,-2.25,0.25147870000061956,0.10718721175806464,0.864597152206464,0.7484823163295835
261718_at,AT1G18390,protein kinase family protein,23.25,22.5,-0.75,0.25163875413647346,0.09771113181190443,0.7608961479887734,0.6663416391315757
249862_at,AT5G22920,zinc finger (C3HC4-type RING finger) family protein,24.25,23.75,-0.5,0.25284282996926744,0.14058265094519523,0.6708933597183392,0.6584468963102439
250926_at,AT5G03555,"permease, cytosine/purines, uracil, thiamine, allantoin family protein",24.25,21.25,-3.0,0.2535295516756036,0.22370235788932696,0.7194841218267602,0.7511843386394191
251036_at,AT5G02160,unknown protein,24.25,22.0,-2.25,0.25478822937307116,0.14890565435154518,0.8407915574840178,0.5736519568270799
254145_at,AT4G24700,unknown protein,23.75,21.75,-2.0,0.2550921357701012,0.0676134675600309,0.7063140545012755,0.589747430464723
247780_at,AT5G58770,"dehydrodolichyl diphosphate synthase, putative / DEDOL-PP synthase, putative",24.0,22.5,-1.5,0.25680402638472444,0.06945426374396338,0.7027919316501766,0.5302955340700076
261319_at,AT1G53090,SPA4 (SPA1-RELATED 4); signal transducer,24.75,21.5,-3.25,0.2577701411385642,0.20062682797898124,0.6389550240527109,0.692250189501616
253394_at,AT4G32770,VTE1 (VITAMIN E DEFICIENT 1),23.75,21.0,-2.75,0.258439679300114,0.12377449528991964,0.6932326504350759,0.500676431416385
249741_at,AT5G24470,APRR5 (PSEUDO-RESPONSE REGULATOR 5); transcription regulator,23.75,21.75,-2.0,0.2586803633019809,0.13951454864375873,0.8060660153082368,0.7457928591914178
262526_at,AT1G17050,SPS2 (SOLANESYL DIPHOSPHATE SYNTHASE 2); dimethylallyltranstransferase/ trans-octaprenyltranstransferase,23.75,21.0,-2.75,0.25912711049832593,0.17459256641177534,0.7126896501194067,0.6918481477353673
245306_at,AT4G14690,ELIP2 (EARLY LIGHT-INDUCIBLE PROTEIN 2); chlorophyll binding,24.75,20.5,-4.25,0.25946764485714896,0.09501978540503554,0.775033028206031,0.8363761477454731
247937_at,AT5G57110,"ACA8 (AUTOINHIBITED CA2+ -ATPASE, ISOFORM 8); calcium-transporting ATPase/ calmodulin binding",23.25,23.0,-0.25,0.25957882216325273,0.12842885384505387,0.6590709288951413,0.7229582943653403
246597_at,AT5G14760,AO (L-ASPARTATE OXIDASE); L-aspartate oxidase,23.75,22.5,-1.25,0.26151314916075663,0.15697438278180478,0.8257454636961337,0.6892914311215825
262098_at,AT1G56170,HAP5B (Heme activator protein (yeast) homolog 5B); DNA binding / transcription factor,24.5,23.75,-0.75,0.26377927715067473,0.16915859865125382,0.6444817704410652,0.5073671659589314
265339_at,AT2G18230,ATPPA2 (ARABIDOPSIS THALIANA PYROPHOSPHORYLASE 2); inorganic diphosphatase/ pyrophosphatase,23.75,22.25,-1.5,0.2644388167326948,0.2911346636390871,0.6594387149539638,0.5976570455406097
249128_at,AT5G43440,"2-oxoglutarate-dependent dioxygenase, putative",23.5,21.25,-2.25,0.2654974147758452,0.23772011092351877,0.8652471513047915,0.7539789288227619
265480_at,AT2G15970,COR413-PM1 (cold regulated 413 plasma membrane 1),23.25,20.25,-3.0,0.2680258602077103,0.10698311945874524,0.8612833960705435,0.7554359859850512
246238_at,AT4G36670,"mannitol transporter, putative",23.5,23.0,-0.5,0.26809383181888335,0.13695623163400417,0.8364920708221902,0.8111938829790873
247478_at,AT5G62360,invertase/pectin methylesterase inhibitor family protein,24.0,22.0,-2.0,0.2694559653593709,0.1170914448233862,0.7594116466807351,0.5823534330866302
267115_s_at,AT2G32540;AT2G32530,"[AT2G32540, ATCSLB04 (Cellulose synthase-like B4); transferase/ transferase, transferring glycosyl groups];[AT2G32530, ATCSLB03 (Cellulose synthase-like B3); transferase/ transferase, transferring glycosyl groups]",23.75,21.0,-2.75,0.2696739202277853,0.22682397842550112,0.7628383403836776,0.599586008933457
257794_at,AT3G27050,similar to unnamed protein product [Vitis vinifera] (GB:CAO49017.1),23.0,20.5,-2.5,0.2709089886439387,0.11981596239516293,0.7087508337719737,0.5414998832928881
257451_at,AT1G05690,BT3 (BTB and TAZ domain protein 3); protein binding / transcription regulator,24.5,21.25,-3.25,0.2728823610094693,0.20206835623505043,0.6189287324320385,0.5598924255483348
263410_at,AT2G04039,similar to unnamed protein product [Vitis vinifera] (GB:CAO41070.1),23.25,21.5,-1.75,0.27554119786087083,0.10896324287456871,0.6700334976958846,0.573741818035467
265959_at,AT2G37240,antioxidant/ oxidoreductase,24.0,22.5,-1.5,0.2764466821122375,0.13932558866324835,0.6368852797437641,0.5945976146030248
255980_at,AT1G33970,"avirulence-responsive protein, putative / avirulence induced gene protein, putative / AIG protein, putative",23.5,21.75,-1.75,0.27781823705019204,0.1677771708157561,0.850002323616921,0.7066212473920632
263412_at,AT2G28720,"histone H2B, putative",24.75,21.25,-3.5,0.27828608517091197,0.2743415567139649,0.7358135193819787,0.6379893305925254
251927_at,AT3G53990,universal stress protein (USP) family protein,23.5,21.25,-2.25,0.2789937889362744,0.10152371173017777,0.815248418749927,0.6803441538871635
253989_at,AT4G26130,similar to unknown protein [Arabidopsis thaliana] (TAIR:AT5G56980.1); similar to hypothetical protein [Vitis vinifera] (GB:CAN72576.1),24.0,21.25,-2.75,0.2792835907228925,0.22884936765019454,0.7692007008491898,0.687921273553984
248537_at,AT5G50100,similar to PBng143 [Vigna radiata] (GB:BAB82450.1); contains InterPro domain Thioredoxin-like fold (InterPro:IPR012336); contains InterPro domain Putative thiol-disulphide oxidoreductase DCC (InterPro:IPR007263),23.25,22.25,-1.0,0.27951693820810614,0.21099291321918473,0.7193945206370149,0.5607732502663055
250666_at,AT5G07100,WRKY26 (WRKY DNA-binding protein 26); transcription factor,23.25,22.0,-1.25,0.2806101976346182,0.2639231476217649,0.8475546898669696,0.7340213821562035
263777_at,AT2G46450,ATCNGC12 (cyclic nucleotide gated channel 12); cyclic nucleotide binding / ion channel,24.25,22.5,-1.75,0.2806990147169154,0.09246278271981155,0.6769424199262706,0.6162380930887787
265918_at,AT2G15090,"fatty acid elongase, putative",25.0,21.5,-3.5,0.28953890168605306,0.0633659673856756,0.7030903428859219,0.7354661524800373
264653_at,AT1G08980,ATAMI1 (AMIDASE-LIKE PROTEIN 1); amidase,24.5,22.5,-2.0,0.2909997100552952,0.14987503440263208,0.7720193645149208,0.6576093902803664
267380_at,AT2G26170,CYP711A1 (MORE AXILLARY BRANCHES 1); oxygen binding,25.0,23.0,-2.0,0.2912911283352141,0.07930338725969688,0.5525073203636843,0.5646222702254503
257985_at,AT3G20810,transcription factor jumonji (jmjC) domain-containing protein,24.0,22.5,-1.5,0.2916748942456984,0.2403667368580709,0.7088191096670711,0.7753342037180657
255694_at,AT4G00050,UNE10 (unfertilized embryo sac 10); DNA binding / transcription factor,24.75,21.5,-3.25,0.2931644136685431,0.1380876609603695,0.676858059470456,0.6956435192328618
263118_at,AT1G03090,MCCA (3-methylcrotonyl-CoA carboxylase 1),24.5,20.75,-3.75,0.294217918863213,0.13694811465839596,0.6646549774147855,0.5550650048724878
262309_at,AT1G70820,"phosphoglucomutase, putative / glucose phosphomutase, putative",24.5,21.25,-3.25,0.2956280836590694,0.2051593034823286,0.7574290667457992,0.6579111634306161
248207_at,AT5G53970,"aminotransferase, putative",24.0,20.5,-3.5,0.29857437035297507,0.16234853718628212,0.7203870010041518,0.6306626367061228
252175_at,AT3G50700,ATIDD2 (ARABIDOPSIS THALIANA INDETERMINATE(ID)-DOMAIN 2); nucleic acid binding / transcription factor/ zinc ion binding,24.0,21.5,-2.5,0.30006275060644594,0.1673694359065136,0.8300988013427597,0.6119079417604474
248377_at,AT5G51720,similar to Os07g0467200 [Oryza sativa (japonica cultivar-group)] (GB:NP_001059590.1); similar to hypothetical protein OsI_025030 [Oryza sativa (indica cultivar-group)] (GB:EAZ03798.1); contains domain PTHR13680 (PTHR13680); contains domain PTHR13680:SF1 (PTHR13680:SF1),22.75,20.5,-2.25,0.3020913351347391,0.09524872196423818,0.6411294227915495,0.7018204663704734
259856_at,AT1G68440,similar to unknown protein [Arabidopsis thaliana] (TAIR:AT1G25400.1); similar to unnamed protein product [Vitis vinifera] (GB:CAO42150.1),24.0,21.0,-3.0,0.30357289200649185,0.13726238514350106,0.6902991436121478,0.6496607567205563
246069_at,AT5G20220,zinc knuckle (CCHC-type) family protein,24.0,21.25,-2.75,0.30666606632235827,0.09905450270192209,0.7438091798675142,0.6448494053908522
264774_at,AT1G22890,unknown protein,23.25,24.75,1.5,0.30917628531788105,0.23787872518223852,0.7823392619528491,0.6855056623945863
262324_at,AT1G64170,ATCHX16 (CATION/H+ EXCHANGER 16); monovalent cation:proton antiporter,23.75,21.75,-2.0,0.3159768397166228,0.13859417245856726,0.7422966092590988,0.7419483320796315
266225_at,AT2G28900,OEP16 (OUTER ENVELOPE PROTEIN 16); P-P-bond-hydrolysis-driven protein transmembrane transporter,25.25,21.25,-4.0,0.31699042857459503,0.19579403391264913,0.7195461563456705,0.5954250720785583
261459_at,AT1G21100,"O-methyltransferase, putative",23.25,21.25,-2.0,0.32067318517189947,0.19902745539751326,0.7159761376315454,0.7723520609290466
248759_at,AT5G47610,zinc finger (C3HC4-type RING finger) family protein,24.25,21.0,-3.25,0.32286495970291806,0.22263569784950024,0.7221450883842168,0.5218274070831888
246554_at,AT5G15450,APG6/CLPB-P/CLPB3 (ALBINO AND PALE GREEN 6); ATP binding / ATPase,23.0,23.25,0.25,0.3257289464150572,0.13252236765320072,0.8190287108869165,0.6057926849249624
257253_at,AT3G24190,ABC1 family protein,24.5,21.5,-3.0,0.3260126946931803,0.1284253457262636,0.6631811144495544,0.6029523433588252
257710_at,AT3G27350,similar to unknown protein [Arabidopsis thaliana] (TAIR:AT5G40700.1); similar to unnamed protein product [Vitis vinifera] (GB:CAO14633.1),24.0,21.75,-2.25,0.32891339199815756,0.11644538469975446,0.622086580713949,0.5600258867038762
262248_at,AT1G48370,YSL8 (YELLOW STRIPE LIKE 8); oligopeptide transporter,23.75,19.5,-4.25,0.33330022359582323,0.22867013418395088,0.8257300333338591,0.5834753260645749
249850_at,AT5G23240,DNAJ heat shock N-terminal domain-containing protein,24.5,22.0,-2.5,0.3337882748696306,0.31512836219981083,0.7746509154502277,0.8225222351043487
259544_at,AT1G20620,CAT3 (CATALASE 3); catalase,23.5,21.75,-1.75,0.3357703898662878,0.171405502546219,0.8732840921879126,0.6937411339647142
247280_at,AT5G64260,"phosphate-responsive protein, putative",23.25,21.0,-2.25,0.33635764945011276,0.3011583732857881,0.6273177373375949,0.5247697120939439
266500_at,AT2G06925,ATSPLA2-ALPHA/PLA2-ALPHA (PHOSPHOLIPASE A2-ALPHA); phospholipase A2,23.75,20.25,-3.5,0.33815871260895564,0.08519653887934316,0.8828405110110904,0.6805737221337333
249742_at,AT5G24490,"30S ribosomal protein, putative",24.5,21.25,-3.25,0.33978772723102185,0.13816078536384327,0.7093400104633021,0.6047738477186095
253581_at,AT4G30660,"hydrophobic protein, putative / low temperature and salt responsive protein, putative",24.0,20.75,-3.25,0.34515220146653536,0.09066459964823559,0.7894763695033904,0.7207480177923615
251110_at,AT5G01260,glycoside hydrolase starch-binding domain-containing protein,24.5,22.0,-2.5,0.34537033689168606,0.12242689029367831,0.5821113929082983,0.5230013398275084
262456_at,AT1G11260,STP1 (SUGAR TRANSPORTER 1); carbohydrate transmembrane transporter/ sugar:hydrogen ion symporter,23.75,21.25,-2.5,0.3462481753562302,0.10749908288301951,0.800948231560676,0.6217631044050791
263128_at,AT1G78600,zinc finger (B-box type) family protein,23.75,22.25,-1.5,0.3485128275858254,0.21478812616553528,0.8047571512153389,0.6436899409450123
266707_at,AT2G03310,unknown protein,24.5,20.5,-4.0,0.34970268090568185,0.14550634821355793,0.7617677835793031,0.6711264692585135
249191_at,AT5G42760,"similar to unknown [Populus trichocarpa] (GB:ABK95091.1); contains InterPro domain O-methyltransferase, N-terminal (InterPro:IPR003455); contains InterPro domain Conserved hypothetical protein CHP00027,  methylltransferase (InterPro:IPR011610)",23.75,21.25,-2.5,0.3499403220682598,0.05992502808072066,0.7391337987940889,0.6398376475953058
255842_at,AT2G33530,SCPL46 (serine carboxypeptidase-like 46); serine carboxypeptidase,24.5,21.0,-3.5,0.35438804334471713,0.1550625490507743,0.6359721325780596,0.6667550040019772
254020_at,AT4G25700,BETA-OHASE 1 (BETA-HYDROXYLASE 1); beta-carotene hydroxylase,23.5,21.0,-2.5,0.3547045461498688,0.29320006585699554,0.7766272182562224,0.6300083967766743
261230_at,AT1G20010,TUB5 (tubulin beta-5 chain),24.0,21.75,-2.25,0.35622076670246183,0.06978428461644395,0.7623034744383417,0.6379804934787048
252927_at,AT4G39090,RD19 (RESPONSIVE TO DEHYDRATION 19); cysteine-type peptidase,23.5,21.25,-2.25,0.3597547615301887,0.14306349294180415,0.8550978363746382,0.8832752530041739
259803_at,AT1G72150,PATL1 (PATELLIN 1); transporter,23.5,21.75,-1.75,0.3637077990138351,0.17665852227950168,0.8252517469401167,0.7889458912694165
250032_at,AT5G18170,GDH1 (GLUTAMATE DEHYDROGENASE 1); oxidoreductase,24.0,23.0,-1.0,0.3703288943352038,0.149202060942092,0.7307690942811458,0.7188134537021555
255088_at,AT4G09350,DNAJ heat shock N-terminal domain-containing protein,24.0,23.0,-1.0,0.3856019341101819,0.27976732340910604,0.6298533278497291,0.6759627863047144
251356_at,AT3G61060,ATPP2-A13,24.5,21.5,-3.0,0.3897602927862404,0.1239631295581926,0.5052364274775494,0.5140786425229471
267523_at,AT2G30600,BTB/POZ domain-containing protein,24.25,22.25,-2.0,0.3960406844140473,0.10502379688588179,0.7167310146488174,0.6534203647852279
256548_at,AT3G14770,nodulin MtN3 family protein,24.0,20.25,-3.75,0.4115849467528077,0.4514394326830986,0.6980415004933604,0.5749558806222761
262505_at,AT1G21680,"similar to unknown protein [Arabidopsis thaliana] (TAIR:AT1G21670.1); similar to hypothetical protein [Vitis vinifera] (GB:CAN73514.1); similar to unnamed protein product [Vitis vinifera] (GB:CAO61906.1); similar to hypothetical protein OsJ_012725 [Oryza sativa (japonica cultivar-group)] (GB:EAZ29242.1); contains InterPro domain WD40-like Beta Propeller (InterPro:IPR011659); contains InterPro domain Six-bladed beta-propeller, TolB-like (InterPro:IPR011042)",23.5,21.5,-2.0,0.41409008718251555,0.23258546463602764,0.7949649307797516,0.8485011353656081
259922_at,AT1G72770,HAB1 (HOMOLOGY TO ABI1); protein serine/threonine phosphatase,24.5,22.25,-2.25,0.4174769232598352,0.15022644290049403,0.5517497084634804,0.5235833742586129
267524_at,AT2G30600,BTB/POZ domain-containing protein,24.75,22.25,-2.5,0.4235274996454032,0.15400021338402925,0.5795677337006804,0.522874770820704
253722_at,AT4G29190,zinc finger (CCCH-type) family protein,23.25,22.0,-1.25,0.4250757526458938,0.11393907184151181,0.649329495613379,0.6767278418828138
252367_at,AT3G48360,BT2 (BTB AND TAZ DOMAIN PROTEIN 2); protein binding / transcription factor/ transcription regulator,23.5,22.5,-1.0,0.4261438094835916,0.1064091310806318,0.7907738103236321,0.8477823931804943
264482_at,AT1G77210,"sugar transporter, putative",24.75,23.0,-1.75,0.42744973027062755,0.28288291604355764,0.5508252535205325,0.6422459827560316
264787_at,AT2G17840,ERD7 (EARLY-RESPONSIVE TO DEHYDRATION 7),23.75,22.0,-1.75,0.44434348938949514,0.07244592952729931,0.8260796658322707,0.8406906562461134
253922_at,AT4G26850,VTC2 (VITAMIN C DEFECTIVE 2),24.75,22.0,-2.75,0.452827911951301,0.11661567765019364,0.6080357511625978,0.5283381386625917
247356_at,AT5G63800,BGAL6/MUM2 (MUCILAGE-MODIFIED 2); beta-galactosidase,24.25,21.0,-3.25,0.4645777493610049,0.24996988772150341,0.6642448228735804,0.7750196454849987
256379_at,AT1G66840,"Identical to Protein PLASTID MOVEMENT IMPAIRED 2 (PMI2) [Arabidopsis Thaliana] (GB:Q9C9N6); similar to PMI15 (plastid movement impaired 15) [Arabidopsis thaliana] (TAIR:AT5G38150.1); similar to hypothetical protein [Vitis vinifera] (GB:CAN79831.1); contains InterPro domain Protein of unknown function DUF827, plant (InterPro:IPR008545)",23.25,23.0,-0.25,0.46571983056372396,0.35022738680823057,0.5485414237399653,0.6483383208751146
251789_at,AT3G55450,"protein kinase, putative",24.25,22.0,-2.25,0.4694934919420762,0.279971987368219,0.8450986437661401,0.73038873310565
261937_at,AT1G22570,proton-dependent oligopeptide transport (POT) family protein,23.75,21.75,-2.0,0.4883089916422175,0.09393683020308603,0.7609184184560446,0.708892817181045
264211_at,AT1G22770,GI (GIGANTEA); binding,24.5,21.25,-3.25,0.4988719846069122,0.2524625095295412,0.6545086010879726,0.6669943540882793
261618_at,AT1G33110,MATE efflux family protein,24.5,20.75,-3.75,0.5010196418976376,0.07721253365143695,0.6795742493689836,0.5750136709954904
254642_at,AT4G18810,binding / catalytic/ transcription repressor,24.5,23.0,-1.5,0.5157332393302102,0.20832983145923867,0.6423604320736194,0.6001196838038378
252563_at,AT3G45970,ATEXLA1 (ARABIDOPSIS THALIANA EXPANSIN-LIKE A1),24.5,21.25,-3.25,0.5192851832387915,0.12380083958510921,0.6903028624885115,0.6137510598191894
247706_at,AT5G59480,haloacid dehalogenase-like hydrolase family protein,24.5,21.25,-3.25,0.5388049157041829,0.14994661295475048,0.5784151411139746,0.5262715036044492
264338_at,AT1G70300,KUP6 (K+ uptake permease 6); potassium ion transmembrane transporter,24.25,22.75,-1.5,0.5430403754014276,0.13268888885019497,0.5132534392710641,0.7322871230171472
247848_at,AT5G58120,"disease resistance protein (TIR-NBS-LRR class), putative",23.25,21.5,-1.75,0.5432029876633917,0.21055142960337117,0.7834769865758187,0.6666768285411655
259878_at,AT1G76790,O-methyltransferase family 2 protein,22.25,21.25,-1.0,0.5899707948558043,0.10842077262589632,0.7213178080823484,0.5896123013251964
250277_at,AT5G12940,leucine-rich repeat family protein,24.75,22.75,-2.0,0.5947362299875762,0.22185340089985586,0.6110166093082245,0.5719980910506727
257635_at,AT3G26280,"CYP71B4 (cytochrome P450, family 71, subfamily B, polypeptide 4); oxygen binding",23.75,22.0,-1.75,0.6598577485564592,0.175329249384238,0.5186376541735713,0.5133267301329714
265471_at,AT2G37130,peroxidase 21 (PER21) (P21) (PRXR5),22.25,23.0,0.75,0.7632838562065337,0.25728059467176534,0.7965029228217979,0.8503219132291258
